{
  "swagger" : "2.0",
  "info" : {
    "version" : "1.0",
    "title" : "Recipe",
    "description" : "Recipe service"
  },
  "host" : "localhost:8080",
  "basePath" : "/",
  "schemes" : [ "http" ],
  "paths" : {
    "/recipes/{name}" : {
      "get" : {
        "summary" : "getRecipe",
        "description" : "getRecipe",
        "operationId" : "get-recipes",
        "consumes" : [ "application/json" ],
        "produces" : [ "application/json" ],
        "parameters" : [ {
          "name" : "name",
          "in" : "path",
          "description" : "",
          "type" : "string",
          "required" : true
        } ],
        "responses" : {
          "200" : {
            "description" : "a RecipesCollection to be returned",
            "schema" : {
              "$ref" : "#/definitions/RecipesCollection"
            },
            "headers" : { }
          }
        }
      },
      "put" : {
        "summary" : "putRecipe",
        "description" : "putRecipe",
        "operationId" : "put-recipes",
        "consumes" : [ "application/json" ],
        "produces" : [ "application/json" ],
        "parameters" : [ {
          "name" : "body",
          "in" : "body",
          "description" : "",
          "schema" : {
            "$ref" : "#/definitions/RecipeElement"
          },
          "required" : true
        }, {
          "name" : "name",
          "in" : "path",
          "description" : "",
          "type" : "string",
          "required" : true
        } ],
        "responses" : {
          "200" : {
            "description" : "a RecipeElement to be returned",
            "schema" : {
              "$ref" : "#/definitions/RecipeElement"
            },
            "headers" : { }
          }
        }
      },
      "delete" : {
        "summary" : "deleteRecipe",
        "description" : "deleteRecipe",
        "operationId" : "delete-recipes",
        "consumes" : [ "application/json" ],
        "produces" : [ "application/json" ],
        "parameters" : [ {
          "name" : "name",
          "in" : "path",
          "description" : "",
          "type" : "string",
          "required" : true
        } ],
        "responses" : {
          "404" : {
            "description" : "Not Found",
            "schema" : {
              "type" : "string"
            }
          },
          "204" : {
            "description" : "Successful Deletion",
            "schema" : {
              "type" : "string"
            }
          },
          "200" : {
            "description" : "OK"
          }
        }
      }
    },
    "/recipes" : {
      "post" : {
        "summary" : "postRecipe",
        "description" : "postRecipe",
        "operationId" : "post-recipes",
        "consumes" : [ "application/json" ],
        "produces" : [ "application/json" ],
        "parameters" : [ {
          "name" : "body",
          "in" : "body",
          "description" : "",
          "schema" : {
            "$ref" : "#/definitions/RecipeElement"
          },
          "required" : true
        } ],
        "responses" : {
          "200" : {
            "description" : "a RecipeElement to be returned",
            "schema" : {
              "$ref" : "#/definitions/RecipeElement"
            }
          },
          "201" : {
            "description" : "Created",
            "schema" : {
              "type" : "string"
            }
          }
        }
      },
      "get" : {
        "summary" : "getRecipe",
        "description" : "getRecipe",
        "operationId" : "get-recipes",
        "consumes" : [ "application/json" ],
        "produces" : [ "application/json" ],
        "parameters" : [ ],
        "responses" : {
          "200" : {
            "description" : "a RecipesCollection to be returned",
            "schema" : {
              "$ref" : "#/definitions/RecipesCollection"
            },
            "headers" : { }
          }
        }
      }
    }
  },
  "definitions" : {
    "Recipe" : {
      "type" : "object",
      "properties" : {
        "name" : {
          "type" : "string"
        },
        "creation_date" : {
          "type" : "string",
          "format" : "date-time"
        },
        "vegetarian" : {
          "type" : "string"
        },
        "servings" : {
          "type" : "integer",
          "format" : "int32"
        },
        "ingredients" : {
          "type" : "string"
        },
        "cooking_instructions" : {
          "type" : "string"
        }
      }
    },
    "RecipesCollection" : {
      "type" : "object",
      "properties" : {
        "Recipe" : {
          "type" : "array",
          "items" : {
            "$ref" : "#/definitions/Recipe",
            "uniqueItems" : false
          }
        }
      }
    },
    "RecipeElement" : {
      "type" : "object",
      "properties" : {
        "name" : {
          "type" : "string"
        },
        "creation_date" : {
          "type" : "string",
          "format" : "date-time"
        },
        "vegetarian" : {
          "type" : "string"
        },
        "servings" : {
          "type" : "integer",
          "format" : "int32"
        },
        "ingredients" : {
          "type" : "string"
        },
        "cooking_instructions" : {
          "type" : "string"
        }
      }
    }
  }
}