{
  "swagger" : "2.0",
  "info" : {
    "version" : "1.0",
    "title" : "RecipeAPI",
    "description" : "RecipeAPI service"
  },
  "host" : "localhost:8080",
  "basePath" : "/",
  "schemes" : [ "http" ],
  "paths" : {
    "/api/v1" : {
      "post" : {
        "summary" : "postRecipeAPI",
        "description" : "postRecipeAPI",
        "operationId" : "post-api-v1",
        "consumes" : [ "application/json" ],
        "produces" : [ "application/json" ],
        "parameters" : [ {
          "name" : "body",
          "in" : "body",
          "description" : "",
          "schema" : {
            "$ref" : "#/definitions/RecipeElement"
          },
          "required" : true
        } ],
        "responses" : {
          "200" : {
            "description" : "a RecipeElement to be returned",
            "schema" : {
              "$ref" : "#/definitions/RecipeElement"
            }
          }
        }
      },
      "get" : {
        "summary" : "getRecipeAPI",
        "description" : "getRecipeAPI",
        "operationId" : "get-api-v1",
        "consumes" : [ "application/json" ],
        "produces" : [ "application/json" ],
        "parameters" : [ ],
        "responses" : {
          "200" : {
            "description" : "a RecipeElement to be returned",
            "schema" : {
              "$ref" : "#/definitions/RecipeElement"
            }
          }
        }
      },
      "put" : {
        "summary" : "putRecipeAPI",
        "description" : "putRecipeAPI",
        "operationId" : "put-api-v1",
        "consumes" : [ "application/json" ],
        "produces" : [ "application/json" ],
        "parameters" : [ {
          "name" : "body",
          "in" : "body",
          "description" : "",
          "schema" : {
            "$ref" : "#/definitions/RecipeElement"
          },
          "required" : true
        } ],
        "responses" : {
          "200" : {
            "description" : "a string to be returned",
            "schema" : {
              "type" : "string"
            }
          }
        }
      },
      "delete" : {
        "summary" : "deleteRecipeAPI",
        "description" : "deleteRecipeAPI",
        "operationId" : "delete-api-v1",
        "consumes" : [ "application/json" ],
        "produces" : [ "application/json" ],
        "parameters" : [ ],
        "responses" : {
          "200" : {
            "description" : "a string to be returned",
            "schema" : {
              "type" : "string"
            }
          }
        }
      }
    }
  },
  "definitions" : {
    "RecipeElement" : {
      "type" : "object",
      "properties" : {
        "timeOfCreation" : {
          "type" : "string"
        },
        "is_vegetarian" : {
          "type" : "boolean"
        },
        "servings" : {
          "type" : "integer",
          "format" : "int32"
        },
        "ingredients" : {
          "type" : "array",
          "items" : {
            "type" : "string",
            "uniqueItems" : false
          }
        },
        "cooking_instructions" : {
          "type" : "string"
        }
      }
    }
  }
}